nodes,time_seconds
10,0
20,0
30,0
40,0
50,0
60,0
70,0.000816
80,0.001125
90,0
100,0.000369
