length,time_in_seconds
10,0
60,0
110,0
160,0
210,0
260,0.004062
310,0.001721
360,0.003047
410,0
460,0.00743
